Customer_ID,Customer_Name,Age,Gender,Geography,Customer_Segment,Registration_Date,Email,Phone,Annual_Income,Loyalty_Points,Age_Group,Income_Bracket
1001,Sophia Jones,27,Male,New Zealand,Regular,2021-06-14,sophia.jones@hotmail.com,+64-51-384-3374,67159,447,Millennials (26-35),Mid ($50K-$80K)
1002,Oliver Lee,41,Other,Canada,Premium,2021-06-08,oliver.lee@company.com,+1-461-508-2478,129752,3056,Gen X (36-45),High ($120K+)
1003,Elijah Martin,23,Female,Australia,Regular,2021-07-15,elijah.martin@gmail.com,+61-5-4278-6006,79249,1701,Gen Z (18-25),Mid ($50K-$80K)
1004,Oliver Miller,47,Female,Canada,Budget,2021-06-24,oliver.miller@yahoo.com,+1-771-862-4747,42792,1195,Gen X+ (46-55),Lower-Mid ($30K-$50K)
1005,Sofia Sanchez,50,Female,Canada,Premium,2021-07-18,sofia.sanchez@outlook.com,+1-420-489-4102,118531,1969,Gen X+ (46-55),Upper-Mid ($80K-$120K)
1006,Isabella Williams,27,Other,UK,Regular,2021-06-04,isabella.williams@gmail.com,+44-6804-735829,46391,1473,Millennials (26-35),Lower-Mid ($30K-$50K)
1007,Lucas Ramirez,30,Other,UK,Regular,2021-06-24,lucas.ramirez@outlook.com,+44-9470-428215,60936,527,Millennials (26-35),Mid ($50K-$80K)
1008,Noah Ramirez,20,Male,UK,Premium,2021-06-23,noah.ramirez@gmail.com,+44-3757-886365,41322,713,Gen Z (18-25),Lower-Mid ($30K-$50K)
1009,Alexander Thomas,43,Other,India,Premium,2021-06-18,alexander.thomas@company.com,+91-98287-16380,51249,1928,Gen X (36-45),Mid ($50K-$80K)
1010,Noah Martinez,43,Female,USA,VIP,2021-07-18,noah.martinez@hotmail.com,+1-901-817-3151,240133,1564,Gen X (36-45),High ($120K+)
1012,Abigail Taylor,37,Female,Canada,VIP,2021-06-30,abigail.taylor@outlook.com,+1-900-507-5073,195496,4305,Gen X (36-45),High ($120K+)
1014,William Clark,62,Male,New Zealand,Regular,2021-06-06,william.clark@outlook.com,+64-97-365-2742,55349,1963,Boomers (56+),Mid ($50K-$80K)
1016,Emily Perez,32,Female,Canada,Regular,2021-06-06,emily.perez@yahoo.com,+1-216-912-4083,55527,1675,Millennials (26-35),Mid ($50K-$80K)
1017,Sophia Martinez,35,Female,Canada,Regular,2021-06-04,sophia.martinez@hotmail.com,+1-707-954-5764,99675,1342,Millennials (26-35),Upper-Mid ($80K-$120K)
1018,William Martinez,21,Female,Australia,Premium,2021-06-23,william.martinez@outlook.com,+61-3-5806-7395,101479,2048,Gen Z (18-25),Upper-Mid ($80K-$120K)
1019,Emma Lopez,40,Female,UK,Regular,2021-07-14,emma.lopez@yahoo.com,+44-2043-454140,101699,1973,Gen X (36-45),Upper-Mid ($80K-$120K)
1020,Noah Clark,44,Male,Canada,Budget,2021-07-03,noah.clark@gmail.com,+1-360-945-5786,46665,305,Gen X (36-45),Lower-Mid ($30K-$50K)
1021,Alexander Davis,48,Other,Australia,Budget,2021-06-27,alexander.davis@yahoo.com,+61-2-8251-3385,75457,1199,Gen X+ (46-55),Mid ($50K-$80K)
1022,Elijah Gonzalez,44,Female,Australia,VIP,2021-07-17,elijah.gonzalez@hotmail.com,+61-5-4360-9919,126964,1753,Gen X (36-45),High ($120K+)
1023,Abigail Garcia,26,Male,Canada,Premium,2021-07-27,abigail.garcia@company.com,+1-632-717-2809,86835,2552,Millennials (26-35),Upper-Mid ($80K-$120K)
1024,Benjamin Martinez,30,Other,UK,Regular,2021-07-21,benjamin.martinez@company.com,+44-9514-873337,46447,1407,Millennials (26-35),Lower-Mid ($30K-$50K)
1025,Mia Thompson,33,Other,UK,Regular,2021-06-27,mia.thompson@yahoo.com,+44-8942-845695,74787,994,Millennials (26-35),Mid ($50K-$80K)
1026,Ava Sanchez,24,Male,India,Premium,2021-07-30,ava.sanchez@hotmail.com,+91-85767-85112,43872,958,Gen Z (18-25),Lower-Mid ($30K-$50K)
1027,Elijah Gonzalez,59,Female,India,Premium,2021-06-22,elijah.gonzalez@company.com,+91-91099-83315,56875,3712,Boomers (56+),Mid ($50K-$80K)
1028,Olivia Sanchez,23,Female,India,Budget,2021-07-08,olivia.sanchez@gmail.com,+91-72982-25026,24978,285,Gen Z (18-25),Low (<$30K)
1029,Elijah Lewis,51,Female,India,VIP,2021-06-25,elijah.lewis@gmail.com,+91-71986-51724,65165,4496,Gen X+ (46-55),Mid ($50K-$80K)
1030,Olivia Ramirez,34,Male,Canada,Budget,2021-07-21,olivia.ramirez@yahoo.com,+1-633-768-8401,64767,389,Millennials (26-35),Mid ($50K-$80K)
1031,Olivia Gonzalez,37,Male,UK,VIP,2021-07-17,olivia.gonzalez@company.com,+44-9270-941017,227389,3439,Gen X (36-45),High ($120K+)
1032,Jacob Lewis,27,Other,UK,Regular,2021-06-02,jacob.lewis@outlook.com,+44-7166-967661,54219,601,Millennials (26-35),Mid ($50K-$80K)
1033,Emily Thompson,45,Male,Australia,Regular,2021-06-01,emily.thompson@yahoo.com,+61-6-4174-3875,123687,2036,Gen X (36-45),High ($120K+)
1034,Elijah Lee,18,Female,India,Budget,2021-06-28,elijah.lee@outlook.com,+91-79107-65058,18847,398,Gen Z (18-25),Low (<$30K)
1035,Emma Thomas,42,Male,India,Regular,2021-07-08,emma.thomas@hotmail.com,+91-95419-88638,59748,1140,Gen X (36-45),Mid ($50K-$80K)
1036,Liam Moore,36,Female,UK,VIP,2021-07-25,liam.moore@outlook.com,+44-4819-728700,144185,1655,Gen X (36-45),High ($120K+)
1037,Lucas White,25,Male,Canada,Regular,2021-06-16,lucas.white@yahoo.com,+1-646-725-6861,41486,1429,Gen Z (18-25),Lower-Mid ($30K-$50K)
1038,Olivia Hernandez,29,Other,USA,Budget,2021-07-01,olivia.hernandez@outlook.com,+1-814-909-6425,54453,360,Millennials (26-35),Mid ($50K-$80K)
1039,Emma Moore,27,Male,UK,Regular,2021-06-19,emma.moore@outlook.com,+44-1719-131127,57536,505,Millennials (26-35),Mid ($50K-$80K)
1040,Benjamin Perez,28,Other,Canada,Premium,2021-07-22,benjamin.perez@company.com,+1-333-394-4140,121393,1906,Millennials (26-35),High ($120K+)
1041,Alexander Martin,27,Male,Australia,Regular,2021-07-03,alexander.martin@outlook.com,+61-4-7125-9609,109142,753,Millennials (26-35),Upper-Mid ($80K-$120K)
1042,Olivia Martinez,43,Other,Australia,Regular,2021-06-23,olivia.martinez@yahoo.com,+61-5-8086-7700,82481,385,Gen X (36-45),Upper-Mid ($80K-$120K)
1043,Liam Moore,29,Female,Australia,Regular,2021-06-13,liam.moore@hotmail.com,+61-4-1139-5906,92327,1563,Millennials (26-35),Upper-Mid ($80K-$120K)
1044,Charlotte Ramirez,49,Female,Australia,Premium,2021-07-20,charlotte.ramirez@outlook.com,+61-4-1158-9188,145784,1267,Gen X+ (46-55),High ($120K+)
1045,Logan Robinson,24,Female,Canada,Regular,2021-06-14,logan.robinson@outlook.com,+1-311-536-8397,32469,1991,Gen Z (18-25),Lower-Mid ($30K-$50K)
1047,Noah Jones,54,Female,Australia,VIP,2021-07-01,noah.jones@gmail.com,+61-3-6084-4325,233326,2756,Gen X+ (46-55),High ($120K+)
1048,Mia Lopez,40,Female,UK,Premium,2021-07-10,mia.lopez@yahoo.com,+44-8079-580067,87848,1290,Gen X (36-45),Upper-Mid ($80K-$120K)
1049,Mia Garcia,22,Male,UK,Budget,2021-07-03,mia.garcia@gmail.com,+44-8567-499670,44470,659,Gen Z (18-25),Lower-Mid ($30K-$50K)
1050,Noah Moore,32,Male,USA,Regular,2021-06-05,noah.moore@gmail.com,+1-893-479-3514,74411,1074,Millennials (26-35),Mid ($50K-$80K)
1051,Sophia Perez,27,Male,New Zealand,Budget,2021-07-27,sophia.perez@gmail.com,+64-74-223-4807,24704,1117,Millennials (26-35),Low (<$30K)
1052,Elijah Martinez,35,Female,USA,Premium,2021-06-07,elijah.martinez@company.com,+1-782-375-5127,187622,919,Millennials (26-35),High ($120K+)
1053,Ethan Wilson,29,Other,Canada,Regular,2021-06-06,ethan.wilson@gmail.com,+1-355-584-4348,67517,695,Millennials (26-35),Mid ($50K-$80K)
1055,Daniel Robinson,39,Other,Canada,Premium,2021-07-15,daniel.robinson@yahoo.com,+1-652-844-1099,158757,1154,Gen X (36-45),High ($120K+)
1056,Abigail Miller,60,Female,Canada,VIP,2021-06-06,abigail.miller@hotmail.com,+1-632-717-8101,149593,2042,Boomers (56+),High ($120K+)
1057,Emma Ramirez,44,Other,New Zealand,Premium,2021-07-17,emma.ramirez@hotmail.com,+64-35-494-3660,135419,1652,Gen X (36-45),High ($120K+)
1058,Abigail Thompson,36,Other,India,Premium,2021-07-13,abigail.thompson@yahoo.com,+91-91115-60377,119431,1637,Gen X (36-45),Upper-Mid ($80K-$120K)
1059,Noah Lee,55,Female,UK,Premium,2021-07-23,noah.lee@yahoo.com,+44-7520-832964,92611,2520,Gen X+ (46-55),Upper-Mid ($80K-$120K)
1060,Sophia Rodriguez,42,Female,USA,VIP,2021-07-11,sophia.rodriguez@company.com,+1-311-851-3721,135888,2655,Gen X (36-45),High ($120K+)
1061,Lucas Harris,51,Other,UK,VIP,2021-06-28,lucas.harris@hotmail.com,+44-6164-956526,188655,4359,Gen X+ (46-55),High ($120K+)
1062,Abigail Clark,23,Male,USA,Regular,2021-07-11,abigail.clark@hotmail.com,+1-246-953-6333,52992,483,Gen Z (18-25),Mid ($50K-$80K)
1063,William Lewis,25,Male,USA,Premium,2021-07-01,william.lewis@company.com,+1-446-449-4467,75432,2481,Gen Z (18-25),Mid ($50K-$80K)
1064,Olivia Lee,41,Female,Canada,Regular,2021-07-29,olivia.lee@outlook.com,+1-465-318-5767,89601,1081,Gen X (36-45),Upper-Mid ($80K-$120K)
1065,Alexander Martin,35,Male,Australia,VIP,2021-06-07,alexander.martin@outlook.com,+61-7-8467-3415,161384,4942,Millennials (26-35),High ($120K+)
1066,Emily Miller,29,Other,Canada,Budget,2021-07-18,emily.miller@gmail.com,+1-875-363-1353,48751,1209,Millennials (26-35),Lower-Mid ($30K-$50K)
1067,Oliver Anderson,48,Other,UK,Regular,2021-06-09,oliver.anderson@outlook.com,+44-3372-319955,56466,1169,Gen X+ (46-55),Mid ($50K-$80K)
1068,Liam Brown,49,Female,USA,Regular,2021-07-02,liam.brown@hotmail.com,+1-904-810-3826,94111,1035,Gen X+ (46-55),Upper-Mid ($80K-$120K)
1069,Abigail Thompson,32,Female,Canada,Budget,2021-07-07,abigail.thompson@yahoo.com,+1-615-917-1323,50395,905,Millennials (26-35),Mid ($50K-$80K)
1070,Liam Williams,57,Other,USA,Premium,2021-06-20,liam.williams@hotmail.com,+1-757-375-7931,141270,3906,Boomers (56+),High ($120K+)
1071,Benjamin Rodriguez,28,Other,India,Budget,2021-07-10,benjamin.rodriguez@outlook.com,+91-92168-65750,18671,513,Millennials (26-35),Low (<$30K)
1072,Logan Davis,47,Female,India,Regular,2021-06-08,logan.davis@company.com,+91-74794-39591,70286,1418,Gen X+ (46-55),Mid ($50K-$80K)
1073,Noah Lewis,18,Male,Canada,Budget,2021-06-21,noah.lewis@outlook.com,+1-806-330-5244,45567,663,Gen Z (18-25),Lower-Mid ($30K-$50K)
1074,Sofia Davis,40,Other,Canada,VIP,2021-07-25,sofia.davis@gmail.com,+1-281-278-4932,251519,2496,Gen X (36-45),High ($120K+)
1075,Mason White,41,Male,Canada,Premium,2021-07-18,mason.white@company.com,+1-890-982-9577,139312,1343,Gen X (36-45),High ($120K+)
1076,Evelyn Gonzalez,39,Female,USA,Regular,2021-07-30,evelyn.gonzalez@company.com,+1-236-674-8999,117141,354,Gen X (36-45),Upper-Mid ($80K-$120K)
1077,Oliver Lopez,32,Male,India,Premium,2021-07-05,oliver.lopez@hotmail.com,+91-73626-34846,67103,1939,Millennials (26-35),Mid ($50K-$80K)
1078,Elizabeth Harris,32,Other,India,Regular,2021-07-17,elizabeth.harris@outlook.com,+91-92226-54845,60593,2044,Millennials (26-35),Mid ($50K-$80K)
1079,Elijah Miller,53,Other,USA,Premium,2021-07-21,elijah.miller@gmail.com,+1-917-947-9230,101748,1801,Gen X+ (46-55),Upper-Mid ($80K-$120K)
1080,Isabella Lopez,22,Female,UK,Premium,2021-07-16,isabella.lopez@outlook.com,+44-3977-142875,55327,2813,Gen Z (18-25),Mid ($50K-$80K)
1081,James Lee,30,Male,New Zealand,Premium,2021-07-08,james.lee@outlook.com,+64-99-451-5939,66689,3614,Millennials (26-35),Mid ($50K-$80K)
1082,Emily Brown,52,Male,USA,Regular,2021-07-01,emily.brown@outlook.com,+1-736-715-1358,71496,517,Gen X+ (46-55),Mid ($50K-$80K)
1083,Harper Anderson,44,Other,USA,Regular,2021-07-17,harper.anderson@company.com,+1-465-510-4609,106931,1123,Gen X (36-45),Upper-Mid ($80K-$120K)
1084,Ava Wilson,35,Female,India,Premium,2021-06-21,ava.wilson@gmail.com,+91-93678-60067,101828,2387,Millennials (26-35),Upper-Mid ($80K-$120K)
1085,William Clark,20,Male,USA,Premium,2021-07-07,william.clark@outlook.com,+1-946-384-5621,64593,811,Gen Z (18-25),Mid ($50K-$80K)
1086,Olivia Rodriguez,58,Other,New Zealand,Budget,2021-07-09,olivia.rodriguez@gmail.com,+64-59-439-8846,45968,509,Boomers (56+),Lower-Mid ($30K-$50K)
1087,James Wilson,32,Male,Canada,Budget,2021-06-23,james.wilson@hotmail.com,+1-373-312-4678,68730,386,Millennials (26-35),Mid ($50K-$80K)
1088,Lucas Perez,31,Female,New Zealand,Budget,2021-07-22,lucas.perez@gmail.com,+64-55-248-2481,52151,294,Millennials (26-35),Mid ($50K-$80K)
1090,Lucas Moore,54,Female,UK,Premium,2021-07-05,lucas.moore@company.com,+44-7911-652542,93369,3662,Gen X+ (46-55),Upper-Mid ($80K-$120K)
1091,Sofia Davis,46,Other,UK,Premium,2021-06-09,sofia.davis@gmail.com,+44-7184-868691,91908,3087,Gen X+ (46-55),Upper-Mid ($80K-$120K)
1092,Ethan Hernandez,43,Other,Australia,Regular,2021-07-15,ethan.hernandez@gmail.com,+61-6-3627-1178,117641,928,Gen X (36-45),Upper-Mid ($80K-$120K)
1093,Mason Martin,37,Other,Canada,Regular,2021-06-30,mason.martin@outlook.com,+1-255-580-7950,71524,1293,Gen X (36-45),Mid ($50K-$80K)
1094,Liam Jackson,68,Female,Canada,Premium,2021-06-03,liam.jackson@gmail.com,+1-969-489-7523,166822,3122,Boomers (56+),High ($120K+)
1095,Abigail Williams,49,Male,India,Regular,2021-07-22,abigail.williams@yahoo.com,+91-95734-27196,57875,1289,Gen X+ (46-55),Mid ($50K-$80K)
1096,Michael Sanchez,47,Female,UK,Premium,2021-06-07,michael.sanchez@outlook.com,+44-3645-171472,137932,2488,Gen X+ (46-55),High ($120K+)
1097,Alexander Wilson,54,Female,India,Budget,2021-06-17,alexander.wilson@gmail.com,+91-82314-30736,28360,824,Gen X+ (46-55),Low (<$30K)
1098,Amelia Hernandez,57,Female,USA,Premium,2021-06-22,amelia.hernandez@company.com,+1-697-417-8802,96675,2168,Boomers (56+),Upper-Mid ($80K-$120K)
1099,Amelia Williams,50,Other,USA,Regular,2021-06-29,amelia.williams@outlook.com,+1-737-419-5250,136469,1931,Gen X+ (46-55),High ($120K+)
1100,Ethan Clark,51,Male,Australia,Premium,2021-06-10,ethan.clark@outlook.com,+61-6-1060-8381,142864,2484,Gen X+ (46-55),High ($120K+)
1102,Avery Martinez,34,Male,Canada,Regular,2021-07-15,avery.martinez@outlook.com,+1-560-755-7977,81196,2217,Millennials (26-35),Upper-Mid ($80K-$120K)
1103,Emma Martin,24,Male,USA,Regular,2021-07-02,emma.martin@company.com,+1-757-302-8276,88536,841,Gen Z (18-25),Upper-Mid ($80K-$120K)
1104,Oliver Clark,32,Other,USA,VIP,2021-06-16,oliver.clark@gmail.com,+1-624-233-1254,197464,3895,Millennials (26-35),High ($120K+)
1105,Elizabeth Lee,22,Other,India,Regular,2021-06-11,elizabeth.lee@hotmail.com,+91-88736-60122,41940,1606,Gen Z (18-25),Lower-Mid ($30K-$50K)
1106,Emma Lee,19,Male,USA,Regular,2021-06-30,emma.lee@company.com,+1-325-309-3323,55937,813,Gen Z (18-25),Mid ($50K-$80K)
1107,Michael Johnson,27,Female,USA,VIP,2021-06-23,michael.johnson@outlook.com,+1-828-814-9953,142007,1966,Millennials (26-35),High ($120K+)
1108,Ethan Sanchez,25,Female,USA,Regular,2021-07-03,ethan.sanchez@outlook.com,+1-397-456-3833,63585,623,Gen Z (18-25),Mid ($50K-$80K)
1109,Elijah Martinez,45,Other,India,Budget,2021-07-31,elijah.martinez@company.com,+91-77051-96108,38273,129,Gen X (36-45),Lower-Mid ($30K-$50K)
1110,Isabella Thompson,45,Other,UK,Regular,2021-06-05,isabella.thompson@company.com,+44-6206-952905,86909,666,Gen X (36-45),Upper-Mid ($80K-$120K)
1111,Avery Moore,34,Male,UK,VIP,2021-06-22,avery.moore@gmail.com,+44-7800-858386,129634,1260,Millennials (26-35),High ($120K+)
1112,Ethan Wilson,21,Male,New Zealand,Regular,2021-06-06,ethan.wilson@yahoo.com,+64-62-804-7218,38946,1392,Gen Z (18-25),Lower-Mid ($30K-$50K)
1113,Lucas Perez,43,Female,UK,Premium,2021-06-21,lucas.perez@outlook.com,+44-5853-845937,115367,3576,Gen X (36-45),Upper-Mid ($80K-$120K)
1114,Noah Robinson,28,Male,UK,Regular,2021-07-29,noah.robinson@hotmail.com,+44-4326-917911,79621,638,Millennials (26-35),Mid ($50K-$80K)
1115,Ava Gonzalez,54,Female,USA,Premium,2021-07-03,ava.gonzalez@hotmail.com,+1-254-651-5466,173417,1966,Gen X+ (46-55),High ($120K+)
1116,Logan Thompson,67,Female,India,Regular,2021-06-26,logan.thompson@outlook.com,+91-94047-10407,66528,1416,Boomers (56+),Mid ($50K-$80K)
1118,Olivia Garcia,36,Other,UK,Premium,2021-06-23,olivia.garcia@outlook.com,+44-5055-595523,168612,1938,Gen X (36-45),High ($120K+)
1119,Elizabeth Perez,35,Female,India,VIP,2021-06-08,elizabeth.perez@hotmail.com,+91-78007-85705,83026,3092,Millennials (26-35),Upper-Mid ($80K-$120K)
1120,Evelyn Wilson,22,Female,Canada,VIP,2021-06-13,evelyn.wilson@gmail.com,+1-665-780-6685,97582,2622,Gen Z (18-25),Upper-Mid ($80K-$120K)
1121,Benjamin Perez,46,Male,India,Regular,2021-06-17,benjamin.perez@yahoo.com,+91-89176-20579,67215,1288,Gen X+ (46-55),Mid ($50K-$80K)
1122,Ava Perez,21,Female,USA,Regular,2021-06-09,ava.perez@outlook.com,+1-767-404-5932,65009,1220,Gen Z (18-25),Mid ($50K-$80K)
1123,Daniel Martinez,29,Other,UK,Premium,2021-07-03,daniel.martinez@hotmail.com,+44-5806-156136,127011,836,Millennials (26-35),High ($120K+)
1124,Sophia Taylor,38,Other,USA,VIP,2021-07-18,sophia.taylor@outlook.com,+1-339-428-3535,132692,2937,Gen X (36-45),High ($120K+)
1125,Sofia Martin,33,Other,USA,Regular,2021-07-10,sofia.martin@gmail.com,+1-642-349-1354,131016,662,Millennials (26-35),High ($120K+)
1126,Abigail Lee,55,Female,USA,VIP,2021-06-03,abigail.lee@hotmail.com,+1-342-679-8509,168895,2829,Gen X+ (46-55),High ($120K+)
1127,Lucas Martin,20,Other,USA,VIP,2021-07-16,lucas.martin@company.com,+1-994-874-9608,145771,1628,Gen Z (18-25),High ($120K+)
1129,Liam Martin,40,Male,Australia,Regular,2021-06-03,liam.martin@gmail.com,+61-5-3182-4272,119010,583,Gen X (36-45),Upper-Mid ($80K-$120K)
1130,Evelyn Moore,27,Female,USA,Regular,2021-06-12,evelyn.moore@company.com,+1-708-394-4399,58144,1204,Millennials (26-35),Mid ($50K-$80K)
1131,Michael Garcia,40,Male,Australia,Premium,2021-07-05,michael.garcia@company.com,+61-7-2816-8716,200669,651,Gen X (36-45),High ($120K+)
1132,Emily Clark,68,Male,Australia,VIP,2021-06-23,emily.clark@gmail.com,+61-2-1583-9136,115840,1059,Boomers (56+),Upper-Mid ($80K-$120K)
1133,Mason Jones,19,Female,Canada,VIP,2021-06-08,mason.jones@company.com,+1-259-443-4801,49798,2018,Gen Z (18-25),Lower-Mid ($30K-$50K)
1134,Olivia Rodriguez,21,Female,USA,VIP,2021-07-16,olivia.rodriguez@hotmail.com,+1-425-654-5959,126657,2639,Gen Z (18-25),High ($120K+)
1135,James Thompson,33,Other,India,VIP,2021-07-19,james.thompson@outlook.com,+91-79145-89920,92896,3681,Millennials (26-35),Upper-Mid ($80K-$120K)
1136,Daniel Clark,50,Other,UK,VIP,2021-06-14,daniel.clark@gmail.com,+44-8004-920628,220509,1053,Gen X+ (46-55),High ($120K+)
1137,Elizabeth Moore,40,Female,USA,Budget,2021-07-07,elizabeth.moore@outlook.com,+1-239-830-5493,126690,432,Gen X (36-45),High ($120K+)
1139,Isabella Harris,50,Female,India,Premium,2021-07-26,isabella.harris@outlook.com,+91-92427-76416,51478,881,Gen X+ (46-55),Mid ($50K-$80K)
1140,James Miller,31,Other,India,Regular,2021-06-24,james.miller@outlook.com,+91-85423-48543,44792,1933,Millennials (26-35),Lower-Mid ($30K-$50K)
1141,Evelyn Johnson,66,Other,UK,Premium,2021-06-10,evelyn.johnson@outlook.com,+44-2266-335490,114098,1617,Boomers (56+),Upper-Mid ($80K-$120K)
1142,Mia White,52,Female,UK,Regular,2021-06-06,mia.white@hotmail.com,+44-6935-785066,62425,2137,Gen X+ (46-55),Mid ($50K-$80K)
1144,Elijah Rodriguez,54,Other,UK,Regular,2021-07-30,elijah.rodriguez@outlook.com,+44-1558-974364,92093,487,Gen X+ (46-55),Upper-Mid ($80K-$120K)
1145,Mia Robinson,52,Other,Canada,Regular,2021-06-29,mia.robinson@outlook.com,+1-387-941-9345,93273,1497,Gen X+ (46-55),Upper-Mid ($80K-$120K)
1146,Oliver Hernandez,42,Female,India,Premium,2021-07-19,oliver.hernandez@yahoo.com,+91-75426-25538,112441,2537,Gen X (36-45),Upper-Mid ($80K-$120K)
1147,Avery Moore,54,Male,UK,VIP,2021-06-01,avery.moore@outlook.com,+44-5617-698910,136082,1135,Gen X+ (46-55),High ($120K+)
1148,Harper Perez,68,Male,Canada,Premium,2021-07-16,harper.perez@hotmail.com,+1-394-771-1583,118337,2626,Boomers (56+),Upper-Mid ($80K-$120K)
1149,Logan Miller,67,Male,New Zealand,Regular,2021-06-03,logan.miller@outlook.com,+64-57-784-8947,96523,1529,Boomers (56+),Upper-Mid ($80K-$120K)
1150,Mia Hernandez,37,Female,UK,Premium,2021-07-15,mia.hernandez@outlook.com,+44-9014-730255,106488,2402,Gen X (36-45),Upper-Mid ($80K-$120K)
1151,William Moore,29,Other,USA,Regular,2021-06-08,william.moore@company.com,+1-825-537-3117,81837,1245,Millennials (26-35),Upper-Mid ($80K-$120K)
1152,Liam Ramirez,46,Other,India,VIP,2021-06-07,liam.ramirez@company.com,+91-78927-26206,89534,4168,Gen X+ (46-55),Upper-Mid ($80K-$120K)
1153,Sofia Martin,40,Female,Canada,Regular,2021-06-28,sofia.martin@company.com,+1-407-302-5329,77589,1568,Gen X (36-45),Mid ($50K-$80K)
1154,Elizabeth Davis,33,Female,Australia,Premium,2021-07-01,elizabeth.davis@company.com,+61-6-3773-4402,118816,2404,Millennials (26-35),Upper-Mid ($80K-$120K)
1155,Elijah Ramirez,18,Female,Canada,Regular,2021-07-15,elijah.ramirez@yahoo.com,+1-520-867-4862,46288,1167,Gen Z (18-25),Lower-Mid ($30K-$50K)
1156,Michael Moore,42,Female,Canada,VIP,2021-06-01,michael.moore@hotmail.com,+1-530-829-7088,208789,4828,Gen X (36-45),High ($120K+)
1157,Emma Martinez,49,Male,Canada,Regular,2021-07-15,emma.martinez@gmail.com,+1-839-679-3563,117466,380,Gen X+ (46-55),Upper-Mid ($80K-$120K)
1158,Evelyn Brown,48,Other,Canada,VIP,2021-07-08,evelyn.brown@outlook.com,+1-372-202-4798,111586,2460,Gen X+ (46-55),Upper-Mid ($80K-$120K)
1159,Harper Hernandez,64,Male,UK,Premium,2021-07-27,harper.hernandez@company.com,+44-3341-980673,146657,1521,Boomers (56+),High ($120K+)
1160,Harper Miller,46,Other,Australia,Budget,2021-06-20,harper.miller@hotmail.com,+61-7-5504-8843,54101,601,Gen X+ (46-55),Mid ($50K-$80K)
1161,Michael Ramirez,48,Male,UK,VIP,2021-06-27,michael.ramirez@gmail.com,+44-6148-202210,222480,3458,Gen X+ (46-55),High ($120K+)
1162,Emily Taylor,52,Male,USA,Premium,2021-07-11,emily.taylor@gmail.com,+1-518-480-6745,177656,1209,Gen X+ (46-55),High ($120K+)
1163,Ethan Harris,67,Male,Canada,Premium,2021-06-20,ethan.harris@gmail.com,+1-343-778-6169,79797,1406,Boomers (56+),Mid ($50K-$80K)
1164,Sophia Thompson,24,Female,USA,VIP,2021-07-12,sophia.thompson@hotmail.com,+1-412-550-9253,96123,2329,Gen Z (18-25),Upper-Mid ($80K-$120K)
1165,Abigail Lewis,19,Male,Canada,Regular,2021-07-29,abigail.lewis@hotmail.com,+1-970-222-8192,54324,1103,Gen Z (18-25),Mid ($50K-$80K)
1166,Evelyn Smith,48,Other,USA,Budget,2021-06-11,evelyn.smith@hotmail.com,+1-811-914-9586,75374,405,Gen X+ (46-55),Mid ($50K-$80K)
1167,Elizabeth Lopez,26,Female,UK,Budget,2021-06-11,elizabeth.lopez@hotmail.com,+44-4481-595248,80709,226,Millennials (26-35),Upper-Mid ($80K-$120K)
1168,Charlotte Taylor,26,Other,New Zealand,VIP,2021-07-09,charlotte.taylor@outlook.com,+64-43-535-3469,137853,3471,Millennials (26-35),High ($120K+)
1170,Abigail Ramirez,62,Male,Canada,Regular,2021-06-11,abigail.ramirez@hotmail.com,+1-665-211-8964,79858,1488,Boomers (56+),Mid ($50K-$80K)
1171,Charlotte Robinson,45,Female,New Zealand,VIP,2021-06-13,charlotte.robinson@company.com,+64-96-802-7050,100811,3305,Gen X (36-45),Upper-Mid ($80K-$120K)
1172,Amelia Davis,38,Male,New Zealand,Regular,2021-07-05,amelia.davis@gmail.com,+64-25-178-6350,136613,1199,Gen X (36-45),High ($120K+)
1173,Isabella White,37,Female,USA,Regular,2021-06-08,isabella.white@yahoo.com,+1-784-467-5967,164146,1331,Gen X (36-45),High ($120K+)
1175,Abigail Hernandez,37,Male,USA,Budget,2021-06-15,abigail.hernandez@gmail.com,+1-926-532-4621,66956,901,Gen X (36-45),Mid ($50K-$80K)
1176,Abigail Thomas,23,Male,UK,Budget,2021-06-14,abigail.thomas@company.com,+44-6166-573431,26940,318,Gen Z (18-25),Low (<$30K)
1177,Ethan Gonzalez,54,Female,USA,Premium,2021-06-23,ethan.gonzalez@yahoo.com,+1-628-813-5569,224071,2748,Gen X+ (46-55),High ($120K+)
1178,Elijah Miller,26,Other,Canada,Regular,2021-06-15,elijah.miller@yahoo.com,+1-784-949-7697,111009,2344,Millennials (26-35),Upper-Mid ($80K-$120K)
1179,Charlotte Jones,30,Male,USA,VIP,2021-07-28,charlotte.jones@gmail.com,+1-411-791-8555,169964,1935,Millennials (26-35),High ($120K+)
1180,Noah Thompson,68,Other,New Zealand,Regular,2021-07-12,noah.thompson@company.com,+64-85-744-8209,83126,1928,Boomers (56+),Upper-Mid ($80K-$120K)
1181,Noah Hernandez,37,Female,UK,Regular,2021-07-28,noah.hernandez@outlook.com,+44-6610-409636,62018,752,Gen X (36-45),Mid ($50K-$80K)
1182,Emily Jones,38,Other,Canada,Budget,2021-06-19,emily.jones@outlook.com,+1-416-797-5963,64062,860,Gen X (36-45),Mid ($50K-$80K)
1183,Olivia Hernandez,49,Female,Australia,Regular,2021-06-14,olivia.hernandez@yahoo.com,+61-8-9587-4741,85389,448,Gen X+ (46-55),Upper-Mid ($80K-$120K)
1184,William Thompson,39,Male,UK,Budget,2021-07-15,william.thompson@outlook.com,+44-5546-195797,28599,709,Gen X (36-45),Low (<$30K)
1185,Michael Lewis,47,Other,Canada,VIP,2021-07-27,michael.lewis@outlook.com,+1-457-972-7671,182217,4430,Gen X+ (46-55),High ($120K+)
1186,Lucas Thomas,28,Male,India,Budget,2021-06-05,lucas.thomas@outlook.com,+91-95519-24249,40279,435,Millennials (26-35),Lower-Mid ($30K-$50K)
1187,William Hernandez,34,Female,USA,Premium,2021-07-12,william.hernandez@company.com,+1-626-998-5413,163716,1536,Millennials (26-35),High ($120K+)
1188,Emily Rodriguez,60,Female,India,Regular,2021-06-02,emily.rodriguez@hotmail.com,+91-72438-41868,85852,482,Boomers (56+),Upper-Mid ($80K-$120K)
1189,Daniel Martinez,37,Female,UK,Premium,2021-06-09,daniel.martinez@gmail.com,+44-3486-257726,90546,4001,Gen X (36-45),Upper-Mid ($80K-$120K)
1190,Mia Lopez,23,Male,Australia,Regular,2021-07-14,mia.lopez@hotmail.com,+61-5-8968-1786,94569,1059,Gen Z (18-25),Upper-Mid ($80K-$120K)
1192,Harper Ramirez,69,Male,New Zealand,Regular,2021-07-07,harper.ramirez@outlook.com,+64-29-286-6567,97501,408,Boomers (56+),Upper-Mid ($80K-$120K)
1193,Alexander Harris,51,Other,Australia,Regular,2021-06-30,alexander.harris@yahoo.com,+61-4-3975-2653,136962,676,Gen X+ (46-55),High ($120K+)
1194,Avery Anderson,27,Female,USA,VIP,2021-06-02,avery.anderson@outlook.com,+1-961-957-4417,145824,2176,Millennials (26-35),High ($120K+)
1195,Noah Anderson,56,Male,USA,VIP,2021-06-25,noah.anderson@outlook.com,+1-609-302-6811,112145,3889,Boomers (56+),Upper-Mid ($80K-$120K)
1196,Sofia Garcia,42,Male,USA,Premium,2021-06-12,sofia.garcia@company.com,+1-355-959-3975,101142,2263,Gen X (36-45),Upper-Mid ($80K-$120K)
1197,James Williams,24,Male,USA,Regular,2021-06-08,james.williams@outlook.com,+1-675-625-9793,48570,472,Gen Z (18-25),Lower-Mid ($30K-$50K)
1198,James Davis,50,Male,USA,Budget,2021-07-17,james.davis@hotmail.com,+1-536-927-8571,44009,872,Gen X+ (46-55),Lower-Mid ($30K-$50K)
1199,Evelyn Gonzalez,43,Male,USA,Budget,2021-06-30,evelyn.gonzalez@company.com,+1-469-758-8206,57470,247,Gen X (36-45),Mid ($50K-$80K)
1200,Oliver Jones,31,Female,Canada,VIP,2021-06-29,oliver.jones@outlook.com,+1-723-399-3321,91958,1707,Millennials (26-35),Upper-Mid ($80K-$120K)
1201,Emily Jones,54,Other,USA,Regular,2021-06-28,emily.jones@yahoo.com,+1-485-250-7567,106358,1864,Gen X+ (46-55),Upper-Mid ($80K-$120K)
1202,Elijah Gonzalez,35,Male,Canada,VIP,2021-06-16,elijah.gonzalez@hotmail.com,+1-326-943-3487,176920,3372,Millennials (26-35),High ($120K+)
1203,Charlotte Lewis,30,Male,USA,Premium,2021-06-25,charlotte.lewis@hotmail.com,+1-315-841-8643,158772,1522,Millennials (26-35),High ($120K+)
1204,Benjamin Williams,26,Male,Australia,Premium,2021-07-16,benjamin.williams@outlook.com,+61-2-8993-7157,111049,1439,Millennials (26-35),Upper-Mid ($80K-$120K)
1205,Liam Gonzalez,42,Other,India,Premium,2021-07-29,liam.gonzalez@gmail.com,+91-97834-43228,90715,2101,Gen X (36-45),Upper-Mid ($80K-$120K)
1206,Benjamin Harris,38,Female,Australia,Budget,2021-07-25,benjamin.harris@gmail.com,+61-7-7652-6126,66190,236,Gen X (36-45),Mid ($50K-$80K)
1207,Oliver Harris,20,Female,Australia,Regular,2021-07-10,oliver.harris@gmail.com,+61-6-6796-7500,56873,1374,Gen Z (18-25),Mid ($50K-$80K)
1208,Sophia Jones,26,Female,USA,Budget,2021-06-16,sophia.jones@gmail.com,+1-826-694-8191,71071,1267,Millennials (26-35),Mid ($50K-$80K)
1210,Jacob Taylor,43,Other,UK,Regular,2021-06-21,jacob.taylor@gmail.com,+44-4669-587888,96404,1727,Gen X (36-45),Upper-Mid ($80K-$120K)
1211,Ava Gonzalez,29,Other,Canada,VIP,2021-06-29,ava.gonzalez@hotmail.com,+1-783-720-7670,178007,1837,Millennials (26-35),High ($120K+)
1212,Charlotte Williams,19,Female,Canada,VIP,2021-07-07,charlotte.williams@outlook.com,+1-551-387-2570,116018,1197,Gen Z (18-25),Upper-Mid ($80K-$120K)
1213,Noah Garcia,36,Other,Canada,Premium,2021-06-01,noah.garcia@gmail.com,+1-781-776-7141,110305,1515,Gen X (36-45),Upper-Mid ($80K-$120K)
1214,Daniel Moore,47,Female,USA,Regular,2021-07-30,daniel.moore@hotmail.com,+1-310-557-3955,82817,534,Gen X+ (46-55),Upper-Mid ($80K-$120K)
1216,Daniel Perez,35,Male,Canada,VIP,2021-07-25,daniel.perez@company.com,+1-788-919-9715,131647,2723,Millennials (26-35),High ($120K+)
1217,Alexander Thompson,26,Other,UK,Premium,2021-07-24,alexander.thompson@gmail.com,+44-9893-281779,93989,1145,Millennials (26-35),Upper-Mid ($80K-$120K)
1218,Sophia Jackson,18,Male,Canada,Regular,2021-07-30,sophia.jackson@outlook.com,+1-446-875-6419,71929,1018,Gen Z (18-25),Mid ($50K-$80K)
1219,Sofia Lewis,29,Female,UK,Regular,2021-06-17,sofia.lewis@company.com,+44-1684-829810,57593,1215,Millennials (26-35),Mid ($50K-$80K)
1220,Avery Lewis,39,Male,Canada,Regular,2021-07-06,avery.lewis@outlook.com,+1-690-311-2825,158974,2141,Gen X (36-45),High ($120K+)
1221,Isabella Robinson,38,Female,Canada,Budget,2021-06-30,isabella.robinson@yahoo.com,+1-498-717-2042,55444,988,Gen X (36-45),Mid ($50K-$80K)
1222,Benjamin Johnson,58,Male,Canada,Premium,2021-07-14,benjamin.johnson@yahoo.com,+1-596-987-2960,159853,3016,Boomers (56+),High ($120K+)
1223,Benjamin Davis,48,Female,India,Premium,2021-07-11,benjamin.davis@yahoo.com,+91-83447-80975,101823,2865,Gen X+ (46-55),Upper-Mid ($80K-$120K)
1225,Sophia Jackson,29,Other,UK,Regular,2021-07-13,sophia.jackson@company.com,+44-7688-493023,80304,600,Millennials (26-35),Upper-Mid ($80K-$120K)
1226,Evelyn Harris,38,Other,UK,Regular,2021-06-26,evelyn.harris@company.com,+44-6185-591341,50720,812,Gen X (36-45),Mid ($50K-$80K)
1227,Avery Clark,53,Female,Canada,Premium,2021-06-22,avery.clark@yahoo.com,+1-367-625-2940,168845,3535,Gen X+ (46-55),High ($120K+)
1228,Evelyn Jackson,48,Female,Australia,Regular,2021-07-28,evelyn.jackson@gmail.com,+61-3-5916-7449,107022,803,Gen X+ (46-55),Upper-Mid ($80K-$120K)
1229,Charlotte Lewis,38,Male,Canada,Regular,2021-07-12,charlotte.lewis@yahoo.com,+1-545-241-5470,99147,1781,Gen X (36-45),Upper-Mid ($80K-$120K)
1230,Ava Lopez,40,Other,Canada,Premium,2021-06-13,ava.lopez@outlook.com,+1-286-882-6220,85013,2875,Gen X (36-45),Upper-Mid ($80K-$120K)
1231,Mia Lee,31,Other,Canada,Premium,2021-06-07,mia.lee@company.com,+1-283-390-2502,109785,1822,Millennials (26-35),Upper-Mid ($80K-$120K)
1232,Harper Smith,27,Male,UK,VIP,2021-06-13,harper.smith@hotmail.com,+44-3031-837010,134424,4011,Millennials (26-35),High ($120K+)
1233,Liam Martin,52,Male,USA,Regular,2021-07-14,liam.martin@outlook.com,+1-212-962-2445,139508,1190,Gen X+ (46-55),High ($120K+)
1234,Avery Anderson,53,Male,USA,VIP,2021-06-10,avery.anderson@outlook.com,+1-629-225-3284,127895,4792,Gen X+ (46-55),High ($120K+)
1235,Elijah Wilson,38,Female,USA,Regular,2021-07-13,elijah.wilson@gmail.com,+1-561-308-2096,99242,855,Gen X (36-45),Upper-Mid ($80K-$120K)
1237,Olivia Smith,33,Female,Canada,Premium,2021-06-27,olivia.smith@yahoo.com,+1-687-487-6582,103637,2513,Millennials (26-35),Upper-Mid ($80K-$120K)
1238,Isabella Williams,33,Female,USA,Regular,2021-07-20,isabella.williams@yahoo.com,+1-988-482-3344,103231,730,Millennials (26-35),Upper-Mid ($80K-$120K)
1239,Oliver Davis,32,Female,New Zealand,Regular,2021-07-15,oliver.davis@gmail.com,+64-77-740-7259,59624,1125,Millennials (26-35),Mid ($50K-$80K)
1240,Benjamin Jones,31,Other,Canada,Premium,2021-06-25,benjamin.jones@company.com,+1-382-534-1565,68002,1574,Millennials (26-35),Mid ($50K-$80K)
1241,Mason Johnson,34,Female,Canada,Premium,2021-07-12,mason.johnson@outlook.com,+1-412-659-3606,71735,2885,Millennials (26-35),Mid ($50K-$80K)
1242,Emma Perez,32,Other,Canada,Budget,2021-06-05,emma.perez@gmail.com,+1-796-703-1117,36688,501,Millennials (26-35),Lower-Mid ($30K-$50K)
1243,Abigail Perez,24,Male,USA,Regular,2021-06-12,abigail.perez@gmail.com,+1-242-596-2748,52133,1991,Gen Z (18-25),Mid ($50K-$80K)
1244,Lucas Thomas,64,Other,Canada,Premium,2021-06-19,lucas.thomas@yahoo.com,+1-231-834-1819,120414,1924,Boomers (56+),High ($120K+)
1245,Daniel Robinson,70,Male,Australia,Regular,2021-06-08,daniel.robinson@gmail.com,+61-8-5475-5424,65744,669,Boomers (56+),Mid ($50K-$80K)
1246,Ethan Thomas,29,Female,Canada,Regular,2021-06-02,ethan.thomas@hotmail.com,+1-245-776-8132,101599,1839,Millennials (26-35),Upper-Mid ($80K-$120K)
1247,Benjamin Harris,60,Male,USA,Premium,2021-07-23,benjamin.harris@outlook.com,+1-891-755-7681,84312,2386,Boomers (56+),Upper-Mid ($80K-$120K)
1248,Olivia Clark,32,Male,India,Premium,2021-07-03,olivia.clark@company.com,+91-86029-25325,76765,2104,Millennials (26-35),Mid ($50K-$80K)
1249,Avery Sanchez,34,Male,UK,Regular,2021-07-02,avery.sanchez@yahoo.com,+44-4962-892514,77862,1584,Millennials (26-35),Mid ($50K-$80K)
1250,Logan Jackson,33,Other,Canada,Regular,2021-07-10,logan.jackson@company.com,+1-527-559-1508,68244,1529,Millennials (26-35),Mid ($50K-$80K)
1251,Logan Thomas,26,Female,USA,Premium,2021-06-20,logan.thomas@company.com,+1-995-920-8392,135217,1815,Millennials (26-35),High ($120K+)
1252,Noah Perez,38,Male,USA,VIP,2021-06-13,noah.perez@outlook.com,+1-697-455-1093,209130,2895,Gen X (36-45),High ($120K+)
1253,Avery Thompson,31,Other,Canada,VIP,2021-07-05,avery.thompson@gmail.com,+1-770-918-7918,79686,2851,Millennials (26-35),Mid ($50K-$80K)
1254,Elijah Brown,64,Male,UK,Regular,2021-06-15,elijah.brown@yahoo.com,+44-7401-111737,61005,569,Boomers (56+),Mid ($50K-$80K)
1255,Olivia Jones,28,Other,USA,Regular,2021-06-10,olivia.jones@gmail.com,+1-689-725-2189,105659,2409,Millennials (26-35),Upper-Mid ($80K-$120K)
1256,Elijah Lee,38,Male,USA,Regular,2021-07-09,elijah.lee@company.com,+1-494-709-2229,103473,1715,Gen X (36-45),Upper-Mid ($80K-$120K)
1257,Mason Robinson,35,Other,Australia,Regular,2021-07-13,mason.robinson@company.com,+61-6-2031-5122,169467,1281,Millennials (26-35),High ($120K+)
1258,Logan Lewis,68,Male,Canada,Regular,2021-07-22,logan.lewis@hotmail.com,+1-528-409-8580,79178,528,Boomers (56+),Mid ($50K-$80K)
1259,Emma Williams,59,Female,Canada,VIP,2021-07-30,emma.williams@outlook.com,+1-630-403-5353,132820,2517,Boomers (56+),High ($120K+)
1260,Sophia Johnson,55,Male,USA,Regular,2021-06-01,sophia.johnson@gmail.com,+1-545-839-5541,110096,948,Gen X+ (46-55),Upper-Mid ($80K-$120K)
1261,James Anderson,20,Male,India,Regular,2021-07-29,james.anderson@yahoo.com,+91-73288-20747,39306,953,Gen Z (18-25),Lower-Mid ($30K-$50K)
1262,Logan Gonzalez,33,Other,Canada,Regular,2021-06-14,logan.gonzalez@hotmail.com,+1-613-412-4570,95385,1284,Millennials (26-35),Upper-Mid ($80K-$120K)
1263,Elijah Rodriguez,41,Male,USA,Premium,2021-06-18,elijah.rodriguez@hotmail.com,+1-466-690-3590,107207,1639,Gen X (36-45),Upper-Mid ($80K-$120K)
1264,Elijah Martinez,48,Other,UK,Regular,2021-06-05,elijah.martinez@yahoo.com,+44-3882-402244,64619,1007,Gen X+ (46-55),Mid ($50K-$80K)
1265,Harper Clark,26,Other,UK,Regular,2021-07-03,harper.clark@gmail.com,+44-1792-591852,72196,1941,Millennials (26-35),Mid ($50K-$80K)
1266,Mia Lee,34,Female,India,Regular,2021-07-21,mia.lee@company.com,+91-96372-14773,48522,2181,Millennials (26-35),Lower-Mid ($30K-$50K)
1267,Ethan Jones,30,Female,Australia,Premium,2021-06-16,ethan.jones@yahoo.com,+61-4-4353-8590,132556,3359,Millennials (26-35),High ($120K+)
1268,Lucas Williams,41,Female,Australia,Regular,2021-06-13,lucas.williams@hotmail.com,+61-2-1404-9347,111907,1345,Gen X (36-45),Upper-Mid ($80K-$120K)
1270,Mason White,19,Male,Australia,Regular,2021-07-30,mason.white@outlook.com,+61-2-7289-5518,64515,777,Gen Z (18-25),Mid ($50K-$80K)
1271,Lucas Sanchez,27,Male,Canada,Regular,2021-06-30,lucas.sanchez@yahoo.com,+1-670-550-7096,66060,1771,Millennials (26-35),Mid ($50K-$80K)
1272,Lucas White,42,Male,USA,Budget,2021-07-31,lucas.white@company.com,+1-507-463-2744,108201,197,Gen X (36-45),Upper-Mid ($80K-$120K)
1273,Emma Hernandez,51,Male,Canada,Premium,2021-06-20,emma.hernandez@yahoo.com,+1-640-440-5693,84639,2891,Gen X+ (46-55),Upper-Mid ($80K-$120K)
1274,Liam Jones,30,Female,India,VIP,2021-07-14,liam.jones@hotmail.com,+91-90131-10027,96788,3439,Millennials (26-35),Upper-Mid ($80K-$120K)
1275,Lucas Martin,39,Other,India,Budget,2021-06-19,lucas.martin@gmail.com,+91-83696-40818,42253,436,Gen X (36-45),Lower-Mid ($30K-$50K)
1276,Evelyn Davis,33,Female,India,VIP,2021-06-27,evelyn.davis@gmail.com,+91-81307-18658,113755,4527,Millennials (26-35),Upper-Mid ($80K-$120K)
1277,Evelyn Ramirez,48,Male,Canada,Premium,2021-07-26,evelyn.ramirez@yahoo.com,+1-351-243-3299,167448,1120,Gen X+ (46-55),High ($120K+)
1278,Isabella Taylor,52,Other,Canada,VIP,2021-07-08,isabella.taylor@company.com,+1-936-805-9964,267331,4132,Gen X+ (46-55),High ($120K+)
1279,Amelia Rodriguez,46,Other,India,Regular,2021-06-15,amelia.rodriguez@gmail.com,+91-96687-81636,56336,1737,Gen X+ (46-55),Mid ($50K-$80K)
1280,Elijah Williams,41,Other,USA,Premium,2021-06-16,elijah.williams@outlook.com,+1-221-301-3127,111290,1446,Gen X (36-45),Upper-Mid ($80K-$120K)
1281,Elizabeth Clark,34,Female,Canada,Budget,2021-07-03,elizabeth.clark@gmail.com,+1-294-561-3890,46995,149,Millennials (26-35),Lower-Mid ($30K-$50K)
1282,Harper Harris,42,Male,UK,Regular,2021-06-11,harper.harris@yahoo.com,+44-2096-880823,45369,402,Gen X (36-45),Lower-Mid ($30K-$50K)
1283,Logan Taylor,64,Male,Canada,Premium,2021-07-08,logan.taylor@yahoo.com,+1-233-853-6194,144667,2296,Boomers (56+),High ($120K+)
1284,Emma Martinez,41,Male,USA,VIP,2021-07-16,emma.martinez@gmail.com,+1-340-737-2640,136399,3427,Gen X (36-45),High ($120K+)
1285,Noah Lewis,52,Male,Australia,Premium,2021-06-20,noah.lewis@outlook.com,+61-2-1065-2750,173756,3057,Gen X+ (46-55),High ($120K+)
1286,Emily Jones,38,Other,Australia,Regular,2021-07-23,emily.jones@company.com,+61-5-9971-4897,79812,469,Gen X (36-45),Mid ($50K-$80K)
1287,Noah Gonzalez,35,Male,USA,Regular,2021-07-18,noah.gonzalez@hotmail.com,+1-907-331-4020,77237,523,Millennials (26-35),Mid ($50K-$80K)
1288,Elijah Gonzalez,34,Other,India,Budget,2021-06-18,elijah.gonzalez@outlook.com,+91-84334-16413,35915,384,Millennials (26-35),Lower-Mid ($30K-$50K)
1289,Evelyn Anderson,61,Female,USA,VIP,2021-07-12,evelyn.anderson@yahoo.com,+1-660-405-5515,147163,3415,Boomers (56+),High ($120K+)
1290,Avery Martinez,60,Male,India,VIP,2021-07-19,avery.martinez@company.com,+91-95181-82597,51571,3295,Boomers (56+),Mid ($50K-$80K)
1291,Noah Gonzalez,63,Other,Australia,Premium,2021-06-13,noah.gonzalez@yahoo.com,+61-4-9079-4728,181186,2220,Boomers (56+),High ($120K+)
1292,Noah Johnson,40,Male,UK,VIP,2021-07-29,noah.johnson@company.com,+44-8370-319240,150158,1560,Gen X (36-45),High ($120K+)
1293,James Robinson,35,Female,India,VIP,2021-06-01,james.robinson@outlook.com,+91-91866-46078,83711,1033,Millennials (26-35),Upper-Mid ($80K-$120K)
1294,Avery Harris,30,Other,UK,Regular,2021-06-28,avery.harris@yahoo.com,+44-8761-496452,65629,1844,Millennials (26-35),Mid ($50K-$80K)
1295,Evelyn Hernandez,70,Female,UK,Premium,2021-06-11,evelyn.hernandez@company.com,+44-8357-545525,140090,3439,Boomers (56+),High ($120K+)
1296,Abigail Jackson,48,Male,USA,Premium,2021-07-04,abigail.jackson@yahoo.com,+1-751-437-3071,169940,3283,Gen X+ (46-55),High ($120K+)
1298,Olivia Wilson,44,Male,Canada,Premium,2021-07-18,olivia.wilson@hotmail.com,+1-233-983-1188,175032,1896,Gen X (36-45),High ($120K+)
1299,Noah Sanchez,44,Other,UK,Budget,2021-06-19,noah.sanchez@hotmail.com,+44-9941-952246,67081,448,Gen X (36-45),Mid ($50K-$80K)
1300,Isabella Taylor,28,Female,USA,Regular,2021-06-25,isabella.taylor@company.com,+1-325-441-7766,54322,2367,Millennials (26-35),Mid ($50K-$80K)
